{"train_loss": 0.14033034443855286, "train_acc": 0.953125, "epoch": 0, "trainer/global_step": 349, "_timestamp": 1704392346.239232, "_runtime": 4.113630056381226, "_step": 6, "_wandb": {"runtime": 9}}