{"train_loss": 0.11448346078395844, "train_acc": 0.96875, "epoch": 9, "trainer/global_step": 899, "_timestamp": 1704390934.1355488, "_runtime": 13.518808841705322, "_step": 17, "_wandb": {"runtime": 8}}